{
    "months": [{
            "key": "01",
            "name": "January",
            "menable":false
        },
        {
            "key": "02",
            "name": "February",
            "menable":false
        },
        {
            "key": "03",
            "name": "March",
            "menable":false
        },
        {
            "key": "04",
            "name": "April",
            "menable":false
        },
        {
            "key": "05",
            "name": "May",
            "menable":false
        },
        {
            "key": "06",
            "name": "June",
            "menable":false
        },
        {
            "key": "07",
            "name": "July",
            "menable":false
        },
        {
            "key": "08",
            "name": "August",
            "menable":false
        },
        {
            "key": "09",
            "name": "September",
            "menable":false
        },
        {
            "key": "10",
            "name": "October",
            "menable":false
        },
        {
            "key": "11",
            "name": "November",
            "menable":false
        },
        {
            "key": "12",
            "name": "December",
            "menable":false
        }
    ]
}