{
  "generationParameters": {
    "generationDate": "Tue Jun 24 2025 16:10:55 GMT+0530 (India Standard Time)",
    "generatorPlatform": "Visual Studio Code",
    "serviceType": "SAP System (ABAP On Premise)",
    "metadataFilename": "",
    "serviceUrl": "http://10.114.8.220:8000/sap/opu/odata/sap/ZCGMMGW_ROC_TRUCK_ALLOCATION_SRV",
    "appName": "zgt_mm_truckalloc",
    "appTitle": "TRUCK ALLOCATION",
    "appDescription": "Truck Allocation",
    "appNamespace": "com.olam",
    "ui5Theme": "sap_horizon",
    "ui5Version": "1.120.0",
    "enableCodeAssist": false,
    "enableEslint": false,
    "enableTypeScript": false,
    "showMockDataInfo": true,
    "generatorVersion": "1.18.0",
    "template": "Basic V2",
    "generatorName": "SAP Fiori Application Generator",
    "entityRelatedConfig": [],
    "launchText": "In order to launch the generated app, simply run the following from the generated app root folder:\n\n```\n    npm start\n```"
  }
}
