{
  "index.html": 1759829974000,
  "test/integration/NavigationJourney.js": 1750761654000,
  "test/integration/arrangements/Startup.js": 1750761654000,
  "test/integration/pages/View1.js": 1750761654000,
  "test/integration/pages/App.js": 1750761654000,
  "test/unit/unitTests.qunit.js": 1750761654000,
  "test/unit/AllTests.js": 1750761654000,
  "test/integration/opaTests.qunit.js": 1750761654000,
  "test/unit/controller/View1.controller.js": 1750761654000,
  "test/integration/AllJourneys.js": 1750761654000,
  "util/Formatter.js": 1759829780000,
  "test/testsuite.qunit.js": 1750761654000,
  "model/transport.json": 1750869394000,
  "model/months.json": 1758786486000,
  "model/models.js": 1750761654000,
  "model/data.json": 1750828442000,
  "controller/View1.controller.js": 1763115567326,
  "controller/App.controller.js": 1750761654000,
  "manifest.json": 1759726940000,
  "Component.js": 1750761654000,
  "test/integration/opaTests.qunit-dbg.js": 1750761654000,
  "test/integration/opaTests.qunit.js.map": 1763207252240,
  "test/integration/arrangements/Startup-dbg.js": 1750761654000,
  "test/integration/arrangements/Startup.js.map": 1763207252240,
  "test/integration/pages/View1-dbg.js": 1750761654000,
  "test/integration/pages/View1.js.map": 1763207252240,
  "test/integration/pages/App-dbg.js": 1750761654000,
  "test/integration/pages/App.js.map": 1763207252240,
  "test/unit/unitTests.qunit-dbg.js": 1750761654000,
  "test/unit/unitTests.qunit.js.map": 1763207252252,
  "test/unit/AllTests-dbg.js": 1750761654000,
  "test/unit/AllTests.js.map": 1763207252252,
  "test/integration/NavigationJourney-dbg.js": 1750761654000,
  "test/integration/NavigationJourney.js.map": 1763207252253,
  "test/unit/controller/View1-dbg.controller.js": 1750761654000,
  "test/unit/controller/View1.controller.js.map": 1763207252252,
  "test/integration/AllJourneys-dbg.js": 1750761654000,
  "test/integration/AllJourneys.js.map": 1763207252327,
  "util/Formatter-dbg.js": 1759829780000,
  "util/Formatter.js.map": 1763207252328,
  "test/testsuite.qunit-dbg.js": 1750761654000,
  "test/testsuite.qunit.js.map": 1763207252328,
  "model/models-dbg.js": 1750761654000,
  "model/models.js.map": 1763207252328,
  "controller/View1-dbg.controller.js": 1763115567326,
  "controller/View1.controller.js.map": 1763207252803,
  "controller/App-dbg.controller.js": 1750761654000,
  "controller/App.controller.js.map": 1763207252351,
  "Component-dbg.js": 1750761654000,
  "Component.js.map": 1763207252351,
  "Component-preload.js": 1763207256669,
  "Component-preload.js.map": 1763207256669,
  "test/unit/unitTests.qunit.html": 1750761654000,
  "test/integration/opaTests.qunit.html": 1750761654000,
  "localService/mainService/metadata.xml": 1750761654000,
  "view/View1.view.xml": 1761556116000,
  "view/App.view.xml": 1750761654000,
  "test/testsuite.qunit.html": 1750761654000,
  "css/style.css": 1759293792000,
  "fragments/Transporter.fragment.xml": 1759907896000,
  "fragments/ReportTransporter.fragment.xml": 1760523414000,
  "fragments/PlantDisp.fragment.xml": 1752146926000,
  "fragments/Plant.fragment.xml": 1760523412000,
  "fragments/MaterialDisp.fragment.xml": 1752147652000,
  "fragments/Material.fragment.xml": 1753815448000,
  "fragments/AvailTransport.fragment.xml": 1753816674000,
  "i18n/i18n.properties": 1760942144000
}